{"cameraMode":{"drawMode":0,"name":"Shaded","section":"Shading Mode"},"sceneLighting":false,"audioPlay":false,"sceneViewState":{"showFog":true,"showMaterialUpdate":false,"showSkybox":true,"showFlares":true,"showImageEffects":true,"showParticleSystems":true},"in2DMode":false,"pivot":{"x":1.2894142866134644,"y":0.19015008211135865,"z":0.9682586193084717},"rotation":{"x":-0.1788552850484848,"y":-0.3440499007701874,"z":0.06750614941120148,"w":-0.9195271730422974},"size":0.91139155626297,"orthographic":false}