{"cameraMode":{"drawMode":0,"name":"Shaded","section":"Shading Mode"},"sceneLighting":true,"audioPlay":false,"sceneViewState":{"showFog":true,"showMaterialUpdate":false,"showSkybox":true,"showFlares":true,"showImageEffects":true,"showParticleSystems":true},"in2DMode":false,"pivot":{"x":174.79310607910157,"y":24.465152740478517,"z":196.0387725830078},"rotation":{"x":-0.4003649652004242,"y":0.07952968776226044,"z":-0.03360053524374962,"w":-0.9126244783401489},"size":0.39358216524124148,"orthographic":false}