{"cameraMode":{"drawMode":0,"name":"Shaded","section":"Shading Mode"},"sceneLighting":true,"audioPlay":false,"sceneViewState":{"showFog":true,"showMaterialUpdate":false,"showSkybox":true,"showFlares":true,"showImageEffects":true,"showParticleSystems":true},"in2DMode":false,"pivot":{"x":9.535606384277344,"y":-2.151921510696411,"z":35.370826721191409},"rotation":{"x":0.034735485911369327,"y":0.965147852897644,"z":-0.182559072971344,"w":0.18730342388153077},"size":10.307822227478028,"orthographic":false}