{"cameraMode":{"drawMode":0,"name":"Shaded","section":"Shading Mode"},"sceneLighting":false,"audioPlay":false,"sceneViewState":{"showFog":true,"showMaterialUpdate":false,"showSkybox":true,"showFlares":true,"showImageEffects":true,"showParticleSystems":true},"in2DMode":false,"pivot":{"x":2.2383873462677,"y":1.4708234071731568,"z":-2.8881709575653078},"rotation":{"x":0.1073078066110611,"y":0.6413891911506653,"z":-0.09123983979225159,"w":0.7543013691902161},"size":2.2238078117370607,"orthographic":false}