{"cameraMode":{"drawMode":0,"name":"Shaded","section":"Shading Mode"},"sceneLighting":true,"audioPlay":false,"sceneViewState":{"showFog":true,"showMaterialUpdate":false,"showSkybox":true,"showFlares":true,"showImageEffects":true,"showParticleSystems":true},"in2DMode":false,"pivot":{"x":5.294527053833008,"y":4.4298319816589359,"z":19.881023406982423},"rotation":{"x":-0.10049857944250107,"y":0.7730815410614014,"z":-0.1324295699596405,"w":-0.6137309074401856},"size":5.310259819030762,"orthographic":false}